thr_trade,thr_dir,score,n,n_trades,trade_rate,pnl_sum,pnl_mean,pnl_per_trade
0.6719383787264867,0.65,0.07173695714193919,3390,63,0.018584070796460177,0.09961306333662945,2.9384384465082433e-05,0.0015811597355020548
0.6719383787264867,0.6,0.029931486719043165,3390,81,0.023893805309734513,0.06577219468364494,1.940182734030824e-05,0.0008120024035017893
0.6883645848890322,0.6,0.0061842454742970406,3390,61,0.01799410029498525,0.033175395916774916,9.786252482824459e-06,0.0005438589494553265
