operator,model_name,_rmse,_mae,_ic,_dir_auc,_trade_auc,_sign_accuracy,_long_precision,_short_precision,_coverage,_gross_pnl,_net_pnl,_pnl_per_trade,_n_trades,_trade_rate,_sharpe_like,bench_zero_rmse,bench_last_rmse,selected_signal_threshold
rel_conv,rel_conv_fold_01_best,0.002918516792947658,0.002194716838332236,0.002080916988523797,0.4961155849117304,0.49639439383029127,0.49125874125874125,0.4936061381074169,0.4861878453038674,0.4525316455696203,-0.028928683751473727,-0.06972868375147373,-0.0003418072732915379,204,0.16139240506329114,-1.480666965358387,0.002905249833918039,0.007077630451051263,0.0002
