operator,model_name,_rmse,_mae,_ic,_dir_auc,_trade_auc,_sign_accuracy,_long_precision,_short_precision,_coverage,_gross_pnl,_net_pnl,_pnl_per_trade,_n_trades,_trade_rate,_sharpe_like,bench_zero_rmse,bench_last_rmse,selected_signal_threshold
rel_conv,rel_conv_production_best,0.0029178172629584385,0.0021943584204544677,-0.05870078902122729,0.4778961575582097,0.48779520574392365,0.46863468634686345,0.4898989898989899,0.410958904109589,0.2143987341772152,-0.03146461048754645,-0.058264610487546456,-0.0004348105260264661,134,0.1060126582278481,-1.5341689167509713,0.002905249833918039,0.007077630451051263,0.00018669888377189636
