thr_trade,thr_dir,score,n,n_trades,trade_rate,pnl_sum,pnl_mean,pnl_per_trade
0.6436014797835223,0.6,0.009529362729967558,3390,54,0.01592920353982301,0.04935237157952508,1.4558221704874655e-05,0.0009139328070282422
0.6436014797835223,0.55,-0.05071041810085458,3390,73,0.021533923303834808,0.003124390158732438,9.216490143753505e-07,4.279986518811559e-05
0.6532986120136789,0.55,-0.05691380401576537,3390,58,0.01710914454277286,-0.014140942658833214,-4.171369515880004e-06,-0.00024380935618677956
0.65,0.55,-0.06596450103578688,3390,63,0.018584070796460177,-0.019504324044636437,-5.75348791877181e-06,-0.00030959244515295933
