thr_trade,thr_dir,score,n,n_trades,trade_rate,pnl_sum,pnl_mean,pnl_per_trade
0.6553579576455864,0.55,-0.05381095735393908,1256,61,0.04856687898089172,0.11617311907918194,9.249452155985824e-05,0.0019044773619538023
0.65,0.55,-0.07919903905111539,1256,69,0.05493630573248408,0.11307803101257888,9.003027946861375e-05,0.0016388120436605634
0.6460078848395377,0.6,-0.08725916133386238,1256,54,0.042993630573248405,0.06321854567250704,5.033323700040369e-05,0.0011707138087501303
0.6460078848395377,0.55,-0.11506615662026963,1256,78,0.06210191082802548,0.10229053127781955,8.144150579444232e-05,0.0013114170676643531
