operator,model_name,_rmse,_mae,_ic,_dir_auc,_trade_auc,_sign_accuracy,_long_precision,_short_precision,_coverage,_gross_pnl,_net_pnl,_pnl_per_trade,_n_trades,_trade_rate,_sharpe_like,bench_zero_rmse,bench_last_rmse,selected_signal_threshold
edge_mpnn,edge_mpnn_fold_01_best,0.0029911300703134246,0.0022466348985752758,0.024869873237185758,0.5310351067680058,0.5126222305709486,0.4878048780487805,0.6428571428571429,0.4074074074074074,0.03243670886075949,-0.016832533985052578,-0.023432533985052576,-0.0007100767874258356,33,0.02610759493670886,-1.1695436213116719,0.002905249833918039,0.007077630451051263,0.0015406586229801179
