operator,model_name,_rmse,_mae,_ic,_dir_auc,_trade_auc,_sign_accuracy,_long_precision,_short_precision,_coverage,_gross_pnl,_net_pnl,_pnl_per_trade,_n_trades,_trade_rate,_sharpe_like,bench_zero_rmse,bench_last_rmse,selected_signal_threshold
edge_mpnn,edge_mpnn_production_best,0.0029252074811274855,0.0021993799523130158,0.032680400625529835,0.5095621204809587,0.45800590672385544,0.5563380281690141,0.5611510791366906,0.3333333333333333,0.11234177215189874,0.024648395545227686,0.008048395545227682,9.696862102683954e-05,83,0.06566455696202532,0.2862980498048188,0.002905249833918039,0.007077630451051263,0.0005
