operator,model_name,_rmse,_mae,_ic,_dir_auc,_trade_auc,_sign_accuracy,_long_precision,_short_precision,_coverage,_gross_pnl,_net_pnl,_pnl_per_trade,_n_trades,_trade_rate,_sharpe_like,bench_zero_rmse,bench_last_rmse,selected_signal_threshold
rel_gatv2,rel_gatv2_production_best,0.0029764827959447814,0.0022320720358030757,-0.06834450345479089,0.4533455483170467,0.46415787441428463,0.4779116465863454,0.4778523489932886,0.5,0.5909810126582279,-0.033704136342748825,-0.07490413634274885,-0.000363612312343441,206,0.1629746835443038,-1.9094099362586132,0.002905249833918039,0.007077630451051263,0.00040270239114761355
