operator,model_name,_rmse,_mae,_ic,_dir_auc,_trade_auc,_sign_accuracy,_long_precision,_short_precision,_coverage,_gross_pnl,_net_pnl,_pnl_per_trade,_n_trades,_trade_rate,_sharpe_like,bench_zero_rmse,bench_last_rmse,selected_signal_threshold
rel_gatv2,rel_gatv2_fold_02_best,0.002959516969426008,0.002238158389090652,-0.0463692016322907,0.46837676438653636,0.5495392546674598,0.4642857142857143,0.46875,0.4625,0.08860759493670886,-0.02025490647474726,-0.03305490647474726,-0.0005164829136679259,64,0.05063291139240506,-1.3308608351154096,0.002905249833918039,0.007077630451051263,0.0005460858345031739
