{
  "device": "cpu",
  "assets": [
    "ADA",
    "BTC",
    "ETH"
  ],
  "target_asset": "ETH",
  "panel_rows": 12882,
  "usable_samples": 12817,
  "bar_timedelta": "0 days 00:01:00",
  "forecast_horizon_bars": 5,
  "lookback_bars": 60,
  "purge_gap_bars": 5,
  "receptive_field_bars": 46,
  "temporal_dilations": [
    1,
    2,
    4,
    8,
    1,
    2,
    4,
    8,
    1,
    2,
    4,
    8
  ],
  "beta_definition": "beta_src_to_dst = Cov(r_src, r_dst) / Var(r_src)",
  "execution_assumption": {
    "long_entry": "mid + spread/2",
    "long_exit": "mid - spread/2",
    "short_entry": "mid - spread/2",
    "short_exit": "mid + spread/2",
    "fee_bps_one_way": 1.0
  },
  "class_balance": {
    "all_trade_ratio": 0.19567761566669267,
    "holdout_trade_ratio": 0.22230889235569423
  },
  "production_thresholds": {
    "thr_trade": 0.6,
    "thr_dir": 0.65
  },
  "production_holdout_metrics": {
    "trade_auc": 0.5238768938394129,
    "trade_pr_auc": 0.23500376995599587,
    "trade_brier": 0.28676768151559967,
    "dir_auc": 0.5189106667979908,
    "ret_rmse": 0.23744590701668047,
    "ret_mae": 0.18537846207618713,
    "price_rmse": 614.938411550295,
    "trade_f1": 0.26907073509015256,
    "trade_balanced_accuracy": 0.5001654085062204,
    "n_opportunities": 1282,
    "n_signals": 112,
    "n_trades": 62,
    "trade_rate": 0.0483619344773791,
    "signal_rate": 0.0873634945397816,
    "fill_rate_given_signal": 0.5535714285714286,
    "hit_rate": 0.4838709677419355,
    "cum_net_log_pnl": 0.008009146429329034,
    "mean_net_log_ret": 0.00012917978111821022,
    "mean_gross_log_ret": 0.00032917978111821034,
    "max_drawdown": -0.018148344397035415,
    "sharpe_like": 0.31691231293360916,
    "avg_holding_bars": 5.0,
    "position_changes": 124,
    "thr_trade": 0.6,
    "thr_dir": 0.65
  }
}