{
  "fold": 2.5,
  "best_epoch": 2.75,
  "checkpoint_score": -1.745007557043108,
  "thr_trade": 0.5125,
  "thr_dir": 0.6375000000000001,
  "val_loss": 1.7407402457977934,
  "val_trade_auc": 0.5343082177901848,
  "val_trade_pr_auc": 0.2318967553895464,
  "val_dir_auc": 0.5129659538090743,
  "val_ret_rmse": 0.28849324916487645,
  "val_n_trades": 55.0,
  "val_trade_rate": 0.047701647875108416,
  "val_pnl": 0.005294927348611362,
  "test_trade_auc": 0.5665076039364022,
  "test_trade_pr_auc": 0.2546562837063297,
  "test_dir_auc": 0.531265122768429,
  "test_ret_rmse": 0.3042706654852846,
  "test_ret_mae": 0.24108843505382538,
  "test_price_rmse": 771.915212971534,
  "test_n_trades": 52.75,
  "test_trade_rate": 0.045750216825672166,
  "test_hit_rate": 0.4585582839893184,
  "test_pnl": -0.00815708206674734,
  "test_max_drawdown": -0.017847638104262365,
  "test_sharpe_like": -0.3220876570546246
}