thr_trade,thr_dir,score,n,n_trades,trade_rate,pnl_sum,pnl_mean,pnl_per_trade
0.65,0.6,-0.23102637096344458,1256,51,0.04060509554140127,-0.08890853656854014,-7.078705140807337e-05,-0.0017433046385988264
0.6712343294149752,0.55,-0.29406737700040686,1256,62,0.04936305732484077,-0.1212966763634642,-9.657378691358614e-05,-0.0019563980058623256
0.664893188104508,0.55,-0.32521149112198566,1256,74,0.0589171974522293,-0.11900130003918309,-9.474625799298017e-05,-0.0016081256762051769
0.65,0.55,-0.39458730163518435,1256,104,0.08280254777070063,-0.10477838443773213,-8.342228060328991e-05,-0.0010074844657474242
