{
  "fold": 2.5,
  "best_epoch": 5.0,
  "checkpoint_score": -1.7281296408897235,
  "thr_trade": 0.55,
  "thr_dir": 0.55,
  "val_loss": 1.7328966254011404,
  "val_trade_auc": 0.5429772031839453,
  "val_trade_pr_auc": 0.23214888019019478,
  "val_dir_auc": 0.49231578449040025,
  "val_ret_rmse": 0.20953513890548203,
  "val_n_trades": 82.75,
  "val_trade_rate": 0.07176929748482219,
  "val_pnl": 0.011027762911082456,
  "test_trade_auc": 0.5594427939818278,
  "test_trade_pr_auc": 0.25276703622619756,
  "test_dir_auc": 0.5118486394258098,
  "test_ret_rmse": 0.20778403363426085,
  "test_ret_mae": 0.16590035893023014,
  "test_price_rmse": 472.28310265361483,
  "test_n_trades": 75.25,
  "test_trade_rate": 0.06526452732003468,
  "test_hit_rate": 0.5212586134967561,
  "test_pnl": -0.008381768926703871,
  "test_max_drawdown": -0.025680614316420918,
  "test_sharpe_like": -0.05975861139746984
}